{"cameraMode":{"drawMode":0,"name":"Shaded","section":"Shading Mode"},"sceneLighting":false,"audioPlay":false,"sceneViewState":{"showFog":true,"showMaterialUpdate":false,"showSkybox":true,"showFlares":true,"showImageEffects":true,"showParticleSystems":true},"in2DMode":false,"pivot":{"x":-3.908095359802246,"y":0.87779700756073,"z":1.685835361480713},"rotation":{"x":-0.3439180552959442,"y":0.03294673189520836,"z":-0.012075774371623993,"w":-0.9383507966995239},"size":2.831566333770752,"orthographic":false}